SNR,NoE,NoB,BER
0,149,1000,0.149
1,126,1000,0.126
2,101,1000,0.101
3,589,10000,0.0589
4,367,10000,0.0367
5,215,10000,0.0215
6,119,10000,0.0119
7,645,100000,0.00645
8,291,100000,0.00291
9,125,100000,0.00125
10,622,1000000,0.000622
11,365,1000000,0.000365
12,509,2000000,0.0002545
13,632,3000000,0.00021066666666666667
14,570,3000000,0.00019
15,701,4000000,0.00017525
16,669,4000000,0.00016725
17,647,4000000,0.00016175
18,631,4000000,0.00015775
19,616,4000000,0.000154
20,610,4000000,0.0001525
